﻿pos_x,pos_y,rotation,side,designator,mpn,pack,value,mount_type,place
177.0,-62.5,0.0,top,2024,,geblogo,geblogo,smt,True
185.0,-62.5,0.0,top,F1,,Fuse_1206_3216Metric_Pad1.42x1.75mm_HandSolder,Polyfuse,smt,True
185.0,-76.4,0.0,top,F2,,Fuse_1206_3216Metric_Pad1.42x1.75mm_HandSolder,Polyfuse,smt,True
185.0,-90.3,0.0,top,F3,,Fuse_1206_3216Metric_Pad1.42x1.75mm_HandSolder,Polyfuse,smt,True
185.0,-104.2,0.0,top,F4,,Fuse_1206_3216Metric_Pad1.42x1.75mm_HandSolder,Polyfuse,smt,True
185.0,-118.1,0.0,top,F5,,Fuse_1206_3216Metric_Pad1.42x1.75mm_HandSolder,Polyfuse,smt,True
175.0,-75.0,-90.0,top,F6,,Fuseholder_Blade_Mini_Keystone_3568,Fuse,tht,True
175.0,-100.0,-90.0,top,J1,,TerminalBlock_Phoenix_MKDS-3-3-5.08_1x03_P5.08mm_Horizontal,Conn_01x03_Socket,tht,True
200.0,-50.0,0.0,top,J2,,LED Strip Castlation,Conn_01x03_Pin,tht,True
200.0,-63.9,0.0,top,J3,,LED Strip Castlation,Conn_01x03_Pin,tht,True
200.0,-77.8,0.0,top,J4,,LED Strip Castlation,Conn_01x03_Pin,tht,True
200.0,-91.7,0.0,top,J5,,LED Strip Castlation,Conn_01x03_Pin,tht,True
200.0,-105.6,0.0,top,J6,,LED Strip Castlation,Conn_01x03_Pin,tht,True
190.0,-55.0,0.0,top,JP1,,SolderJumper-2_P1.3mm_Open_RoundedPad1.0x1.5mm,SolderJumper_2_Open,tht,True
190.0,-68.9,0.0,top,JP2,,SolderJumper-2_P1.3mm_Open_RoundedPad1.0x1.5mm,SolderJumper_2_Open,tht,True
190.0,-82.8,0.0,top,JP3,,SolderJumper-2_P1.3mm_Open_RoundedPad1.0x1.5mm,SolderJumper_2_Open,tht,True
190.0,-96.7,0.0,top,JP4,,SolderJumper-2_P1.3mm_Open_RoundedPad1.0x1.5mm,SolderJumper_2_Open,tht,True
190.0,-110.6,0.0,top,JP5,,SolderJumper-2_P1.3mm_Open_RoundedPad1.0x1.5mm,SolderJumper_2_Open,tht,True
