﻿pos_x,pos_y,rotation,side,designator,mpn,pack,value,mount_type,place
208.590964,-123.462678,0.0,top,2024,,geblogo,geblogo,smt,True
217.5,-70.6,0.0,top,F1,,Fuse_1206_3216Metric_Pad1.42x1.75mm_HandSolder,Polyfuse,smt,True
217.5,-76.4,0.0,top,F2,,Fuse_1206_3216Metric_Pad1.42x1.75mm_HandSolder,Polyfuse,smt,True
217.5,-98.4,0.0,top,F3,,Fuse_1206_3216Metric_Pad1.42x1.75mm_HandSolder,Polyfuse,smt,True
217.5,-104.2,0.0,top,F4,,Fuse_1206_3216Metric_Pad1.42x1.75mm_HandSolder,Polyfuse,smt,True
217.5,-126.2,0.0,top,F5,,Fuse_1206_3216Metric_Pad1.42x1.75mm_HandSolder,Polyfuse,smt,True
203.0,-76.71,-90.0,top,J1,,CONN_1017492,Conn_01x03_Socket,tht,True
222.5,-57.5,0.0,top,J2,,LED Strip Castlation,Conn_01x03_Pin,tht,True
222.5,-71.4,0.0,top,J3,,LED Strip Castlation,Conn_01x03_Pin,tht,True
222.5,-85.3,0.0,top,J4,,LED Strip Castlation,Conn_01x03_Pin,tht,True
222.5,-99.2,0.0,top,J5,,LED Strip Castlation,Conn_01x03_Pin,tht,True
222.5,-113.1,0.0,top,J6,,LED Strip Castlation,Conn_01x03_Pin,tht,True
217.5,-62.5,0.0,top,JP1,,SolderJumper-2_P1.3mm_Open_RoundedPad1.0x1.5mm,SolderJumper_2_Open,tht,True
217.5,-84.5,0.0,top,JP2,,SolderJumper-2_P1.3mm_Open_RoundedPad1.0x1.5mm,SolderJumper_2_Open,tht,True
217.5,-90.3,0.0,top,JP3,,SolderJumper-2_P1.3mm_Open_RoundedPad1.0x1.5mm,SolderJumper_2_Open,tht,True
217.5,-112.3,0.0,top,JP4,,SolderJumper-2_P1.3mm_Open_RoundedPad1.0x1.5mm,SolderJumper_2_Open,tht,True
217.5,-118.1,0.0,top,JP5,,SolderJumper-2_P1.3mm_Open_RoundedPad1.0x1.5mm,SolderJumper_2_Open,tht,True
